applicant_id,group,upi_velocity_10_50,device_tier,pincode_tier,regional_dialect_count,verifiable_income,income,debt_ratio,ground_truth_default,historical_default
APP_1000,baseline,3,0,0,6,1,46421.61,0.5386,1,1
APP_1001,target,39,1,1,64,0,34317.25,0.2825,0,1
APP_1002,target,29,1,1,58,0,48041.58,0.3428,0,0
APP_1003,target,39,0,1,68,0,49884.69,0.2284,0,1
APP_1004,baseline,6,0,0,4,1,49478.32,0.3943,0,0
APP_1005,baseline,1,0,0,8,1,53646.25,0.2623,0,0
APP_1006,baseline,1,1,0,4,1,51671.38,0.2328,0,0
APP_1007,target,36,0,1,85,0,48673.44,0.3566,0,0
APP_1008,target,41,1,1,57,0,44438.67,0.1522,0,0
APP_1009,target,40,1,0,71,0,31712.31,0.1531,0,1
APP_1010,baseline,6,0,0,2,1,48436.95,0.2376,0,0
APP_1011,target,39,1,1,78,0,46661.5,0.1647,1,1
APP_1012,target,40,1,1,70,0,47172.63,0.1932,0,0
APP_1013,baseline,2,0,0,5,1,34786.01,0.2855,0,0
APP_1014,baseline,5,0,0,3,1,36351.55,0.471,0,0
APP_1015,baseline,4,0,0,6,1,53425.22,0.3788,0,0
APP_1016,baseline,3,0,0,8,1,44683.56,0.3551,0,0
APP_1017,target,41,1,1,76,0,50452.01,0.2674,0,1
APP_1018,baseline,2,0,0,6,1,45226.55,0.5227,0,0
APP_1019,baseline,6,0,0,8,1,45238.05,0.3088,0,0
APP_1020,target,47,1,1,73,0,52506.27,0.1848,0,1
APP_1021,baseline,9,0,0,8,1,40871.64,0.3968,0,0
APP_1022,baseline,1,0,0,4,1,45768.97,0.1955,0,0
APP_1023,baseline,4,0,0,4,1,41301.8,0.2881,0,0
APP_1024,baseline,1,0,0,4,1,41524.03,0.353,0,0
APP_1025,target,29,1,1,72,0,42526.62,0.4997,0,0
APP_1026,baseline,4,0,0,7,1,46777.07,0.3474,0,0
APP_1027,target,32,1,1,64,0,41170.01,0.4309,1,1
APP_1028,target,44,1,1,58,0,55046.05,0.5471,0,0
APP_1029,baseline,2,0,0,3,1,37843.14,0.2026,0,0
APP_1030,target,32,1,1,77,0,43505.03,0.2599,0,0
APP_1031,baseline,2,0,0,4,1,41482.15,0.3078,0,0
APP_1032,baseline,2,0,0,8,1,56575.82,0.3187,0,0
APP_1033,target,43,1,1,79,0,46572.44,0.3144,0,0
APP_1034,target,37,0,1,60,0,53254.76,0.513,1,1
APP_1035,target,48,1,1,69,0,33115.52,0.4356,0,0
APP_1036,baseline,7,0,0,4,1,47136.4,0.3932,0,1
APP_1037,baseline,2,0,0,5,0,52117.05,0.2737,1,1
APP_1038,target,29,1,0,71,0,45658.27,0.4795,0,0
APP_1039,baseline,1,0,0,11,1,53523.84,0.532,0,0
APP_1040,baseline,4,0,0,8,1,40861.69,0.4785,1,1
APP_1041,baseline,1,0,0,4,1,56274.78,0.1506,0,0
APP_1042,baseline,4,0,0,4,1,63391.18,0.4046,0,0
APP_1043,target,35,1,1,68,0,42097.29,0.1705,0,0
APP_1044,baseline,2,0,0,5,1,41435.98,0.253,0,0
APP_1045,target,30,0,0,73,0,56627.08,0.1738,0,0
APP_1046,baseline,2,0,0,7,1,57636.58,0.3915,0,0
APP_1047,target,31,1,1,70,1,40817.12,0.4246,1,1
APP_1048,target,45,1,1,73,1,41638.51,0.1958,0,0
APP_1049,baseline,4,0,0,7,1,42745.72,0.3035,0,0
APP_1050,target,32,1,1,51,1,34244.4,0.3325,0,0
APP_1051,target,48,1,1,64,1,37650.78,0.2976,0,0
APP_1052,target,38,1,1,76,0,36966.87,0.1984,0,0
APP_1053,target,36,1,1,64,0,38857.62,0.3176,0,0
APP_1054,target,55,1,1,65,0,44722.52,0.4505,0,1
APP_1055,target,34,1,0,68,0,46873.72,0.1784,0,1
APP_1056,baseline,4,0,0,5,1,57404.0,0.1821,0,0
APP_1057,baseline,5,1,0,4,1,37013.17,0.2919,0,1
APP_1058,baseline,1,0,0,6,1,52874.58,0.5267,0,0
APP_1059,baseline,3,0,0,6,1,43288.09,0.4174,0,0
APP_1060,baseline,4,0,0,9,1,44604.29,0.4215,1,1
APP_1061,baseline,2,0,0,9,1,50398.56,0.2948,0,0
APP_1062,target,33,1,1,67,0,36018.22,0.3875,1,1
APP_1063,baseline,1,0,0,9,1,48059.28,0.1541,1,0
APP_1064,baseline,0,1,0,4,1,46331.62,0.4044,0,0
APP_1065,target,39,1,0,69,0,48939.61,0.5153,0,0
APP_1066,baseline,6,0,0,6,1,47313.35,0.395,0,0
APP_1067,target,43,1,0,67,0,64642.4,0.4995,0,0
APP_1068,baseline,4,0,0,9,1,39898.08,0.4396,0,0
APP_1069,target,35,1,0,81,0,40752.02,0.1982,0,0
APP_1070,target,52,1,1,66,0,40014.88,0.511,1,1
APP_1071,baseline,6,0,0,8,1,40556.18,0.1766,0,0
APP_1072,baseline,0,0,0,5,1,39900.9,0.3636,0,0
APP_1073,target,38,1,1,70,0,54512.13,0.2069,1,0
APP_1074,target,52,1,1,73,0,56364.03,0.1547,0,0
APP_1075,target,45,1,1,56,0,40434.03,0.3188,1,1
APP_1076,target,32,1,1,74,0,38341.16,0.268,0,0
APP_1077,baseline,2,0,0,13,1,48771.32,0.3444,1,0
APP_1078,baseline,5,0,1,10,1,40582.22,0.3809,0,0
APP_1079,baseline,2,0,0,5,1,50063.45,0.1675,0,0
APP_1080,target,39,1,1,61,0,46623.38,0.1992,0,0
APP_1081,target,29,1,1,61,0,32874.05,0.3735,1,1
APP_1082,baseline,3,0,0,2,1,57380.04,0.2873,0,1
APP_1083,baseline,2,0,0,5,1,59367.02,0.4417,0,0
APP_1084,baseline,4,0,0,8,1,40097.69,0.4109,0,0
APP_1085,baseline,1,0,0,6,1,41898.39,0.4882,1,1
APP_1086,target,38,1,0,69,0,47286.92,0.427,0,0
APP_1087,target,44,1,1,71,0,47675.65,0.322,0,0
APP_1088,target,38,0,0,64,0,50268.35,0.4192,0,1
APP_1089,baseline,4,0,0,6,1,61081.64,0.2602,0,0
APP_1090,baseline,2,0,0,5,1,43584.42,0.2725,0,0
APP_1091,target,43,1,0,63,0,38613.62,0.4656,0,1
APP_1092,target,45,1,1,63,0,33965.45,0.3286,0,0
APP_1093,target,32,1,1,55,0,39152.56,0.4694,0,0
APP_1094,target,38,1,1,73,0,44734.98,0.479,1,1
APP_1095,baseline,1,0,0,3,1,59356.46,0.493,0,0
APP_1096,target,34,1,1,62,0,40859.11,0.5167,0,1
APP_1097,baseline,4,0,0,7,1,46790.3,0.3224,0,0
APP_1098,baseline,1,0,0,6,1,44868.62,0.2775,0,0
APP_1099,baseline,2,0,0,9,1,54507.15,0.3829,0,0
APP_1100,baseline,4,0,0,10,1,65215.46,0.2985,0,0
APP_1101,target,32,1,0,66,0,40753.05,0.3904,1,1
APP_1102,baseline,2,0,0,8,1,41084.48,0.4322,0,0
APP_1103,target,45,0,1,76,0,53353.29,0.4254,0,0
APP_1104,target,32,1,1,78,0,50455.13,0.2998,0,0
APP_1105,baseline,3,0,0,9,0,59773.66,0.2167,0,0
APP_1106,baseline,3,0,0,5,0,49671.43,0.3222,0,0
APP_1107,target,32,1,1,55,0,42125.66,0.207,1,1
APP_1108,baseline,4,0,0,5,1,49725.24,0.506,0,0
APP_1109,baseline,3,0,0,6,1,53869.63,0.2884,0,0
APP_1110,baseline,3,0,0,5,1,51563.86,0.2118,0,0
APP_1111,baseline,1,0,0,8,1,49058.19,0.1602,0,0
APP_1112,target,39,1,1,63,0,53533.4,0.4083,0,0
APP_1113,target,41,1,1,56,0,54354.36,0.4048,0,0
APP_1114,target,46,1,0,77,0,56057.27,0.2862,0,0
APP_1115,target,38,1,1,59,0,50189.68,0.1787,0,0
APP_1116,target,58,0,0,65,1,43663.06,0.3139,0,0
APP_1117,baseline,2,0,0,7,1,46173.71,0.2745,0,0
APP_1118,target,36,1,1,69,0,54652.07,0.4208,0,0
APP_1119,target,39,1,1,68,0,38464.51,0.3923,0,0
APP_1120,target,38,0,1,50,0,47949.39,0.2958,0,0
APP_1121,target,33,1,1,77,0,41853.29,0.2372,0,0
APP_1122,baseline,4,0,0,6,1,45229.96,0.5452,0,0
APP_1123,baseline,7,0,0,7,1,55227.61,0.3316,0,0
APP_1124,baseline,1,0,0,3,1,46528.79,0.4253,0,0
APP_1125,baseline,2,0,0,3,1,45371.49,0.2062,0,0
APP_1126,target,35,1,1,61,0,34121.15,0.3442,0,0
APP_1127,target,31,1,0,73,0,50970.03,0.161,1,1
APP_1128,baseline,4,0,0,8,1,50163.87,0.3522,1,1
APP_1129,target,31,1,0,61,0,62306.04,0.5356,0,0
APP_1130,baseline,2,1,0,3,1,42537.77,0.3037,0,0
APP_1131,baseline,3,0,0,2,0,46753.2,0.1656,0,0
APP_1132,baseline,4,0,0,4,1,46995.07,0.1624,0,0
APP_1133,baseline,3,0,0,2,1,57619.63,0.3052,0,0
APP_1134,target,46,1,1,73,0,44237.64,0.214,1,1
APP_1135,baseline,1,0,0,7,1,47232.17,0.1593,0,0
APP_1136,target,37,1,1,78,0,49863.17,0.4525,0,0
APP_1137,target,39,1,1,66,1,46492.87,0.3334,0,0
APP_1138,baseline,3,0,0,3,0,41428.53,0.2657,0,0
APP_1139,target,30,0,1,69,0,46552.72,0.51,0,0
APP_1140,target,31,1,1,80,0,53589.05,0.1965,0,0
APP_1141,baseline,0,0,0,6,1,36787.88,0.5324,0,0
APP_1142,baseline,3,0,0,6,1,46063.76,0.2756,0,0
APP_1143,baseline,3,0,0,9,1,39399.03,0.5054,0,0
APP_1144,baseline,5,0,0,2,1,54560.37,0.3912,0,0
APP_1145,baseline,4,0,0,2,1,32814.5,0.4807,1,1
APP_1146,target,37,1,1,65,0,40528.63,0.5436,0,1
APP_1147,target,41,1,1,63,0,48017.7,0.2654,0,0
APP_1148,baseline,2,0,0,10,1,57524.19,0.5345,0,0
APP_1149,baseline,3,0,0,11,1,44474.0,0.3058,1,1
APP_1150,target,38,1,1,69,0,40558.4,0.3042,0,0
APP_1151,baseline,5,0,0,5,1,60049.26,0.2862,0,0
APP_1152,baseline,3,0,0,6,1,33415.89,0.3666,0,0
APP_1153,baseline,0,1,0,5,1,27409.55,0.2117,0,0
APP_1154,target,32,1,1,80,0,48520.12,0.3715,0,0
APP_1155,baseline,5,1,0,5,0,40983.57,0.3667,0,0
APP_1156,target,32,1,1,73,0,36830.14,0.4548,0,0
APP_1157,target,37,1,1,70,0,50666.85,0.4835,0,0
APP_1158,baseline,1,0,0,4,1,46950.41,0.3262,1,1
APP_1159,target,35,1,0,59,0,40487.37,0.2709,1,1
APP_1160,baseline,2,0,0,5,1,34757.56,0.2537,0,0
APP_1161,target,37,1,0,70,0,51979.66,0.2278,0,0
APP_1162,target,50,1,1,67,0,50201.61,0.1731,0,0
APP_1163,target,35,1,1,63,1,44206.59,0.287,0,0
APP_1164,baseline,5,0,0,1,1,59773.1,0.2581,0,0
APP_1165,target,27,1,1,54,0,36439.32,0.5366,0,0
APP_1166,baseline,2,0,0,4,1,32795.8,0.3731,0,0
APP_1167,baseline,4,0,0,6,1,39464.74,0.2889,1,1
APP_1168,baseline,5,0,0,5,1,44635.31,0.3822,0,0
APP_1169,target,42,1,1,71,0,46946.72,0.2057,1,1
APP_1170,target,34,1,1,71,0,43070.11,0.3276,0,0
APP_1171,baseline,3,0,0,7,1,47816.44,0.4005,0,0
APP_1172,target,36,1,1,53,0,34987.68,0.3456,1,1
APP_1173,baseline,1,0,0,6,1,56550.12,0.3107,0,0
APP_1174,target,42,1,1,62,0,44342.79,0.5475,0,1
APP_1175,baseline,5,1,0,3,1,53938.37,0.5021,0,0
APP_1176,target,30,0,1,64,0,47741.8,0.3994,0,0
APP_1177,baseline,4,0,1,1,1,48654.03,0.3778,0,0
APP_1178,target,38,1,1,71,0,49558.14,0.3983,1,1
APP_1179,baseline,2,0,0,7,1,48581.67,0.2305,0,0
APP_1180,baseline,3,0,0,3,1,50141.78,0.3081,0,0
APP_1181,baseline,3,0,0,7,1,55633.22,0.1658,0,0
APP_1182,target,38,1,0,64,0,46572.17,0.3402,0,0
APP_1183,target,42,1,0,75,0,50672.03,0.3672,0,0
APP_1184,baseline,4,0,0,4,1,44282.11,0.2411,0,1
APP_1185,target,50,1,1,68,0,56520.94,0.5356,1,1
APP_1186,target,33,0,1,82,1,39588.86,0.5138,0,1
APP_1187,target,37,0,1,73,0,59407.52,0.4389,0,1
APP_1188,target,35,1,1,66,0,44678.74,0.3634,0,0
APP_1189,baseline,2,0,0,4,1,33553.8,0.498,0,0
APP_1190,baseline,4,0,0,12,1,46024.84,0.2023,1,1
APP_1191,target,32,1,1,54,0,39551.59,0.4662,0,1
APP_1192,target,35,1,1,62,1,51725.15,0.1999,0,1
APP_1193,target,41,1,1,82,0,39779.01,0.4677,0,0
APP_1194,baseline,4,0,0,4,1,41430.53,0.2603,0,0
APP_1195,baseline,2,0,0,5,1,29883.67,0.5008,0,0
APP_1196,target,36,1,1,74,0,41381.55,0.5276,1,1
APP_1197,target,41,1,1,63,0,25608.97,0.2095,0,0
APP_1198,target,42,1,1,74,0,32328.78,0.3351,0,0
APP_1199,target,28,1,1,59,0,51083.32,0.5424,0,0
APP_1200,target,42,1,1,72,0,51286.4,0.3434,0,0
APP_1201,baseline,0,0,0,4,1,48403.66,0.4954,1,1
APP_1202,baseline,2,0,0,3,1,37264.19,0.3855,0,0
APP_1203,target,38,1,1,61,0,44618.31,0.3001,0,1
APP_1204,target,28,1,0,58,1,44971.18,0.2643,0,0
APP_1205,baseline,2,0,0,9,0,35733.08,0.2313,1,1
APP_1206,baseline,1,0,0,3,1,57027.19,0.4547,1,1
APP_1207,target,36,1,1,53,0,52018.9,0.3046,0,1
APP_1208,baseline,1,0,0,6,1,43232.29,0.3545,0,0
APP_1209,baseline,3,0,0,5,1,45215.09,0.3469,0,0
APP_1210,target,47,1,1,67,1,46667.06,0.3809,0,1
APP_1211,target,46,1,1,72,0,28666.12,0.4962,0,0
APP_1212,target,43,1,1,69,0,43022.58,0.5423,0,0
APP_1213,baseline,1,0,0,3,1,39544.13,0.313,0,0
APP_1214,target,34,1,1,59,0,36987.04,0.481,0,0
APP_1215,baseline,0,0,0,8,1,42751.2,0.4558,0,0
APP_1216,baseline,3,0,0,8,1,59381.49,0.3794,1,1
APP_1217,target,30,1,1,72,0,50126.74,0.5324,0,0
APP_1218,target,40,1,1,66,0,40430.57,0.2302,0,1
APP_1219,target,43,1,1,82,0,49580.66,0.1937,0,0
APP_1220,target,39,1,1,71,1,56194.84,0.4916,0,0
APP_1221,target,48,1,1,72,0,52397.07,0.3257,0,0
APP_1222,baseline,2,0,0,12,1,45477.04,0.4888,0,0
APP_1223,baseline,5,0,0,5,1,39824.51,0.5072,0,0
APP_1224,baseline,1,0,0,8,1,50585.79,0.175,0,0
APP_1225,baseline,2,0,0,4,1,48147.88,0.5034,1,1
APP_1226,target,41,1,1,73,0,52161.55,0.3293,0,1
APP_1227,baseline,2,1,0,4,1,50081.37,0.3542,0,0
APP_1228,target,38,0,1,61,0,53396.42,0.4006,0,0
APP_1229,target,51,1,1,64,0,40718.12,0.5206,0,0
APP_1230,target,42,1,1,69,0,55539.15,0.1576,0,0
APP_1231,target,40,1,1,71,0,46580.8,0.3407,0,1
APP_1232,target,57,1,1,77,0,61602.09,0.4251,0,0
APP_1233,baseline,1,0,0,9,1,39486.5,0.4391,0,0
APP_1234,baseline,2,0,0,3,1,58887.71,0.427,0,0
APP_1235,target,40,1,1,74,0,46583.29,0.2038,0,0
APP_1236,baseline,5,0,0,3,0,39788.66,0.2698,0,0
APP_1237,baseline,2,0,0,10,1,41128.91,0.2935,0,0
APP_1238,target,34,0,1,69,0,42437.22,0.4718,0,1
APP_1239,baseline,5,0,0,9,1,48393.33,0.2615,0,0
APP_1240,target,49,1,1,79,0,49182.68,0.2343,0,0
APP_1241,target,35,1,1,64,0,40410.4,0.533,0,0
APP_1242,target,40,1,1,81,0,44805.16,0.1535,0,1
APP_1243,baseline,3,0,0,5,1,62138.16,0.5491,0,0
APP_1244,baseline,4,0,0,7,1,58820.35,0.4207,0,0
APP_1245,target,44,1,1,53,0,48490.59,0.4814,0,1
APP_1246,baseline,3,0,0,4,1,45304.03,0.2678,0,0
APP_1247,target,37,1,1,66,0,45960.25,0.1557,1,1
APP_1248,target,30,1,1,64,0,49908.14,0.4451,0,0
APP_1249,target,44,0,1,65,0,36817.66,0.4837,0,1
APP_1250,baseline,2,0,0,6,1,42940.99,0.4462,0,0
APP_1251,baseline,3,0,0,8,1,31651.33,0.2071,0,0
APP_1252,target,34,0,1,66,0,48193.78,0.4514,0,0
APP_1253,baseline,2,0,0,3,1,50177.57,0.4576,1,1
APP_1254,baseline,3,0,0,4,1,41134.51,0.4134,0,0
APP_1255,target,46,0,0,66,0,57591.89,0.4564,0,0
APP_1256,target,42,1,1,58,0,35193.87,0.4884,0,1
APP_1257,target,41,1,1,66,0,33285.0,0.3954,1,1
APP_1258,target,42,1,1,59,0,46795.61,0.1854,1,0
APP_1259,baseline,1,0,0,6,1,53376.79,0.3451,0,0
APP_1260,target,38,0,1,76,1,58471.42,0.1811,0,0
APP_1261,target,34,1,1,69,0,41328.93,0.313,0,0
APP_1262,baseline,6,0,0,5,1,53629.45,0.3128,1,1
APP_1263,target,39,1,1,69,1,44691.93,0.1764,0,0
APP_1264,target,25,1,1,50,0,43618.98,0.2895,0,0
APP_1265,target,40,1,1,75,0,52069.28,0.1944,0,0
APP_1266,target,25,1,1,63,0,50218.58,0.4733,0,0
APP_1267,target,35,1,1,56,0,32388.86,0.5291,0,0
APP_1268,baseline,5,0,0,7,1,56812.32,0.1789,0,0
APP_1269,baseline,4,0,0,5,1,56040.73,0.532,0,0
APP_1270,target,37,1,1,63,0,39995.5,0.359,0,0
APP_1271,target,38,0,0,53,0,48166.43,0.2698,0,0
APP_1272,target,29,1,1,68,0,48952.24,0.1807,0,1
APP_1273,target,43,1,0,76,0,47085.39,0.3502,0,1
APP_1274,target,41,1,1,75,0,40597.56,0.4678,0,0
APP_1275,target,44,1,0,72,0,39627.01,0.4328,0,1
APP_1276,target,41,1,1,79,0,44795.57,0.1701,0,0
APP_1277,target,46,1,1,62,0,54381.83,0.1792,0,1
APP_1278,target,41,1,0,67,0,49348.8,0.3111,0,1
APP_1279,target,36,1,1,69,1,42035.09,0.2681,0,1
APP_1280,target,34,1,1,55,0,51173.59,0.243,0,0
APP_1281,baseline,3,0,0,9,1,22211.66,0.2624,0,0
APP_1282,baseline,3,0,0,6,1,54190.13,0.4714,0,0
APP_1283,baseline,0,0,0,10,1,31082.29,0.5217,0,0
APP_1284,target,36,1,1,64,0,42100.47,0.312,0,0
APP_1285,baseline,2,0,0,2,1,36042.64,0.5124,0,0
APP_1286,baseline,2,0,0,6,1,34642.55,0.2786,1,1
APP_1287,target,44,1,1,78,0,54286.61,0.3406,0,0
APP_1288,baseline,1,1,0,8,1,41258.39,0.2404,0,0
APP_1289,target,47,1,1,67,0,47772.03,0.4062,0,0
APP_1290,baseline,3,0,0,3,0,44624.64,0.5416,0,0
APP_1291,baseline,2,1,0,2,1,48816.33,0.3914,0,0
APP_1292,target,37,0,1,69,1,45614.58,0.2931,1,1
APP_1293,baseline,4,0,0,9,1,34736.06,0.4091,0,0
APP_1294,baseline,4,0,0,3,1,52970.13,0.1992,0,0
APP_1295,target,29,1,1,70,0,41049.95,0.5055,1,1
APP_1296,target,26,1,1,81,0,32547.34,0.3512,0,0
APP_1297,baseline,1,1,0,8,1,41575.08,0.3297,0,0
APP_1298,target,38,1,1,61,0,57006.08,0.3843,0,0
APP_1299,baseline,4,0,0,7,1,51801.77,0.3999,0,0
APP_1300,baseline,4,1,0,5,1,42210.78,0.1787,0,0
APP_1301,target,38,1,0,62,0,42205.94,0.423,0,0
APP_1302,target,43,1,1,62,0,42426.92,0.2468,0,0
APP_1303,target,33,1,1,63,0,61613.98,0.4356,0,0
APP_1304,target,43,1,1,79,0,48055.48,0.479,0,0
APP_1305,target,43,1,0,62,0,48440.33,0.4716,0,0
APP_1306,target,39,1,0,75,0,53242.27,0.371,0,0
APP_1307,baseline,2,0,0,6,1,46910.31,0.3581,0,0
APP_1308,target,39,1,1,71,0,42927.66,0.2072,0,1
APP_1309,baseline,7,0,0,4,1,43429.2,0.4601,0,0
APP_1310,baseline,1,0,0,5,1,44427.19,0.2586,0,0
APP_1311,baseline,8,0,0,10,1,44702.22,0.3487,0,0
APP_1312,baseline,3,0,0,1,1,50821.04,0.2637,0,0
APP_1313,target,29,1,1,71,0,45415.57,0.2035,0,0
APP_1314,target,44,1,1,55,0,50861.12,0.4018,1,1
APP_1315,target,32,1,1,58,0,44354.27,0.1717,0,1
APP_1316,baseline,2,0,0,5,0,45629.08,0.4495,1,1
APP_1317,baseline,2,0,0,5,1,29014.39,0.277,1,1
APP_1318,baseline,2,0,0,4,1,52330.62,0.1501,0,0
APP_1319,baseline,4,0,0,4,1,47771.91,0.3545,1,1
APP_1320,target,27,1,1,74,0,52984.08,0.1687,0,0
APP_1321,target,34,1,1,68,0,21829.96,0.2605,0,1
APP_1322,target,38,0,0,66,0,61707.0,0.4328,0,1
APP_1323,baseline,4,0,0,5,1,43883.28,0.1751,0,0
APP_1324,target,42,1,1,68,1,53865.46,0.4857,0,0
APP_1325,target,43,1,1,75,0,36680.75,0.1515,0,0
APP_1326,target,31,1,1,67,0,49902.19,0.2487,1,1
APP_1327,target,28,1,1,78,1,36572.68,0.4464,0,0
APP_1328,baseline,7,0,0,5,1,40009.85,0.2765,0,0
APP_1329,baseline,1,0,0,10,1,60312.25,0.1908,0,0
APP_1330,baseline,6,0,0,6,0,43474.54,0.2941,0,0
APP_1331,target,43,1,1,74,0,46739.46,0.2582,0,1
APP_1332,baseline,8,0,0,4,1,51960.54,0.4871,0,1
APP_1333,baseline,6,1,0,7,1,48965.46,0.2753,1,1
APP_1334,baseline,3,0,0,6,1,46203.35,0.4656,0,0
APP_1335,baseline,3,0,0,10,1,47919.69,0.5067,1,1
APP_1336,target,45,1,1,76,0,64227.32,0.3235,0,1
APP_1337,target,42,1,1,63,0,44539.05,0.514,0,0
APP_1338,baseline,8,0,0,5,1,46608.79,0.3009,0,0
APP_1339,baseline,3,0,0,7,1,53405.24,0.5356,0,0
APP_1340,baseline,3,0,0,6,1,53844.21,0.1857,0,0
APP_1341,baseline,4,0,0,6,1,54496.24,0.4248,0,0
APP_1342,baseline,3,0,1,8,1,50109.84,0.3475,0,0
APP_1343,baseline,3,0,0,6,1,35855.96,0.3051,0,0
APP_1344,baseline,3,0,0,3,1,58067.45,0.4031,1,0
APP_1345,target,35,1,1,50,0,35829.24,0.4315,0,0
APP_1346,target,30,0,1,59,0,47421.08,0.1517,0,0
APP_1347,baseline,2,0,0,9,1,38965.79,0.2168,0,0
APP_1348,baseline,4,0,0,2,1,44486.89,0.4352,0,0
APP_1349,target,38,1,1,70,1,47630.1,0.4166,1,1
APP_1350,target,27,1,1,72,0,47570.86,0.5364,0,1
APP_1351,target,46,1,1,74,0,48375.37,0.4544,0,0
APP_1352,target,37,1,1,71,0,57909.69,0.5303,0,0
APP_1353,baseline,4,0,1,6,1,48628.27,0.431,0,0
APP_1354,baseline,4,1,0,7,1,43046.75,0.2692,0,0
APP_1355,target,40,0,1,87,0,52712.7,0.1921,0,0
APP_1356,baseline,4,0,0,3,1,54515.76,0.4627,0,0
APP_1357,target,45,1,1,74,0,35179.14,0.4077,0,1
APP_1358,target,45,1,0,81,0,49779.2,0.1693,1,1
APP_1359,target,33,1,0,70,0,50609.38,0.294,0,1
APP_1360,baseline,3,0,0,8,1,42619.49,0.5327,0,0
APP_1361,target,46,1,1,65,0,56005.65,0.3502,0,0
APP_1362,baseline,1,0,0,7,1,43799.56,0.3231,0,0
APP_1363,target,38,1,1,66,0,46004.61,0.3331,0,0
APP_1364,target,43,1,0,63,0,43615.43,0.2336,0,0
APP_1365,baseline,2,0,0,7,0,45124.63,0.2975,0,0
APP_1366,target,22,1,1,56,1,36229.8,0.2979,0,0
APP_1367,target,28,1,1,56,0,33479.59,0.1709,0,0
APP_1368,baseline,1,0,0,8,1,57756.04,0.457,0,0
APP_1369,baseline,8,0,1,3,1,38224.31,0.3166,0,0
APP_1370,baseline,2,0,0,4,1,37068.86,0.4789,0,0
APP_1371,baseline,5,0,0,9,1,27772.88,0.4901,0,0
APP_1372,baseline,5,0,0,4,1,39888.31,0.2348,0,0
APP_1373,target,36,1,1,76,0,34415.28,0.4129,0,0
APP_1374,baseline,2,0,0,2,1,58136.12,0.3389,0,0
APP_1375,baseline,1,0,0,8,0,53078.54,0.5021,0,0
APP_1376,target,47,1,1,62,0,39494.8,0.2363,0,0
APP_1377,baseline,1,0,0,7,1,63019.49,0.4211,0,0
APP_1378,target,36,1,0,61,0,52854.12,0.3931,1,1
APP_1379,baseline,1,0,0,11,1,42401.35,0.2681,1,0
APP_1380,baseline,3,0,0,6,1,25004.75,0.2046,0,0
APP_1381,target,44,1,1,66,0,63327.54,0.4107,0,1
APP_1382,target,41,1,0,68,0,33883.42,0.4454,1,1
APP_1383,target,34,1,1,64,0,31836.81,0.2763,0,0
APP_1384,target,45,1,1,69,0,53180.56,0.4079,1,1
APP_1385,target,30,1,1,66,0,64518.02,0.3081,0,0
APP_1386,baseline,1,0,0,4,1,56074.18,0.4353,1,0
APP_1387,baseline,2,0,0,8,1,49511.27,0.2297,0,0
APP_1388,target,44,1,1,72,0,49758.03,0.5061,0,0
APP_1389,target,30,1,1,68,0,51827.32,0.265,0,0
APP_1390,target,35,1,1,57,0,51071.43,0.2971,0,0
APP_1391,baseline,5,1,0,12,1,47249.53,0.1732,1,1
APP_1392,baseline,5,0,0,4,1,45833.61,0.1946,0,0
APP_1393,target,38,1,1,62,0,44499.25,0.3563,0,0
APP_1394,baseline,0,0,0,6,1,38968.28,0.257,0,0
APP_1395,target,42,1,1,56,0,42754.6,0.4842,1,1
APP_1396,target,35,1,1,81,0,31456.35,0.1559,0,0
APP_1397,baseline,4,0,0,4,1,44213.28,0.3016,0,0
APP_1398,target,40,1,0,74,0,37091.27,0.2849,1,1
APP_1399,target,30,1,1,67,0,36171.29,0.1577,0,0
APP_1400,baseline,1,0,0,4,1,46439.15,0.1997,0,0
APP_1401,target,33,1,1,76,0,56136.02,0.3155,0,0
APP_1402,target,41,1,1,65,0,52346.53,0.3471,0,0
APP_1403,target,25,1,1,69,0,32436.0,0.3117,0,0
APP_1404,baseline,4,0,0,4,1,37082.97,0.3624,0,0
APP_1405,target,40,1,0,41,0,52526.17,0.3881,0,1
APP_1406,baseline,0,0,0,9,1,37140.1,0.154,0,0
APP_1407,baseline,3,0,0,8,1,43202.93,0.3356,0,0
APP_1408,target,34,1,1,64,0,49400.42,0.5354,1,1
APP_1409,baseline,2,0,0,7,1,37253.24,0.3576,1,1
APP_1410,baseline,3,0,0,6,1,45843.0,0.421,0,0
APP_1411,target,43,1,1,63,0,34327.8,0.2747,0,0
APP_1412,target,36,1,1,66,0,40189.06,0.4596,0,0
APP_1413,target,42,1,0,73,0,47558.26,0.4592,1,1
APP_1414,target,38,1,1,74,1,32256.05,0.3585,1,1
APP_1415,baseline,1,0,0,7,1,48523.8,0.5404,0,0
APP_1416,baseline,5,0,0,8,1,44842.9,0.2002,0,0
APP_1417,baseline,1,1,0,6,1,49419.92,0.1568,0,0
APP_1418,target,34,1,1,54,0,46791.31,0.4581,0,0
APP_1419,target,50,1,1,66,1,55913.12,0.4729,0,0
APP_1420,target,46,1,1,72,0,46001.8,0.1981,0,0
APP_1421,target,29,1,1,79,0,41564.76,0.2562,0,0
APP_1422,baseline,0,0,0,6,1,45978.38,0.157,0,0
APP_1423,baseline,4,1,0,4,1,49346.38,0.2673,0,0
APP_1424,baseline,4,0,0,8,1,45390.88,0.4593,0,0
APP_1425,target,35,1,1,66,0,45324.73,0.3572,0,0
APP_1426,baseline,2,0,0,5,0,39384.07,0.2892,0,0
APP_1427,target,33,1,1,60,0,39696.79,0.2987,1,1
APP_1428,baseline,1,0,0,8,0,33779.16,0.1505,0,0
APP_1429,baseline,1,0,0,8,1,58996.61,0.2699,0,0
APP_1430,baseline,4,1,0,9,1,35049.09,0.4086,0,0
APP_1431,target,37,1,1,76,0,39456.76,0.5397,0,0
APP_1432,target,38,1,1,66,0,39252.74,0.4888,0,0
APP_1433,baseline,4,0,0,8,0,52159.4,0.1594,0,0
APP_1434,baseline,0,0,0,2,1,42640.4,0.5094,0,0
APP_1435,target,32,1,0,59,0,54981.94,0.4633,0,0
APP_1436,baseline,5,0,0,5,1,39612.08,0.4622,1,1
APP_1437,target,36,1,1,75,0,47231.95,0.3332,0,0
APP_1438,target,41,1,1,73,0,38317.22,0.3092,0,0
APP_1439,baseline,2,0,0,11,1,62161.19,0.2712,0,0
APP_1440,baseline,4,0,0,4,1,35499.21,0.1763,0,0
APP_1441,target,40,1,1,73,0,47478.57,0.2413,0,0
APP_1442,baseline,4,0,0,6,1,50070.22,0.2486,0,0
APP_1443,baseline,5,0,0,5,1,48310.39,0.3436,1,1
APP_1444,target,31,1,0,56,0,43517.7,0.449,0,0
APP_1445,target,38,1,1,68,0,43961.43,0.3395,1,1
APP_1446,target,38,1,1,74,0,45350.49,0.1731,1,1
APP_1447,target,38,1,1,54,0,43823.98,0.5331,0,0
APP_1448,baseline,1,0,0,6,1,52711.03,0.5271,0,1
APP_1449,baseline,4,0,0,8,1,62684.18,0.4641,0,0
APP_1450,target,27,1,1,51,0,40540.07,0.5465,0,0
APP_1451,target,36,1,1,61,0,34041.58,0.3678,0,0
APP_1452,baseline,4,0,0,5,1,44293.74,0.5351,1,1
APP_1453,target,48,1,1,84,0,65637.67,0.1802,0,0
APP_1454,baseline,1,0,0,5,1,38570.6,0.2963,0,0
APP_1455,baseline,1,1,0,3,1,58112.93,0.2402,0,0
APP_1456,baseline,3,0,0,3,1,58421.61,0.2283,0,0
APP_1457,baseline,4,0,0,3,1,40571.29,0.2063,0,1
APP_1458,baseline,2,0,0,4,1,49551.86,0.399,0,0
APP_1459,baseline,3,0,0,7,1,58027.17,0.4625,0,0
APP_1460,baseline,2,0,0,9,1,41966.98,0.3813,0,0
APP_1461,target,39,1,1,62,0,43371.36,0.2088,0,0
APP_1462,target,41,1,1,75,0,40346.55,0.4744,0,0
APP_1463,target,40,1,1,73,0,36881.95,0.4044,0,1
APP_1464,target,41,1,1,76,0,39805.78,0.3053,1,1
APP_1465,baseline,0,0,0,6,1,35208.48,0.4197,0,0
APP_1466,baseline,4,0,0,6,1,45272.67,0.254,0,0
APP_1467,target,38,1,0,47,0,38840.21,0.2881,0,0
APP_1468,baseline,1,0,0,8,1,46870.29,0.517,1,1
APP_1469,target,38,1,1,63,0,32552.83,0.2662,0,0
APP_1470,baseline,5,0,0,9,1,47647.04,0.338,0,0
APP_1471,target,29,1,1,68,0,51668.23,0.5061,0,0
APP_1472,baseline,8,0,0,2,1,29050.11,0.4331,1,1
APP_1473,target,29,1,1,68,0,47992.45,0.1749,0,1
APP_1474,target,31,1,1,83,0,54821.35,0.2089,0,1
APP_1475,target,38,1,1,61,0,35322.87,0.1531,0,1
APP_1476,baseline,4,0,0,12,1,58380.58,0.4024,0,0
APP_1477,target,37,1,1,69,1,48352.15,0.3291,0,1
APP_1478,target,31,1,1,52,0,39359.91,0.2037,0,1
APP_1479,target,32,1,1,63,0,44553.85,0.5332,0,0
APP_1480,target,35,1,0,84,0,49466.62,0.3619,0,0
APP_1481,target,38,1,1,57,0,45608.04,0.2468,0,0
APP_1482,baseline,0,0,0,4,1,49310.05,0.3502,0,0
APP_1483,target,32,1,1,61,0,37634.61,0.4218,0,0
APP_1484,target,45,1,1,67,0,46354.89,0.1805,0,1
APP_1485,target,39,1,1,79,0,33690.28,0.2599,0,0
APP_1486,baseline,2,0,0,4,1,44110.19,0.4728,0,0
APP_1487,baseline,3,0,0,8,1,37768.74,0.3339,0,0
APP_1488,target,28,1,0,76,0,39115.76,0.3686,1,1
APP_1489,target,35,1,0,77,0,54888.75,0.3231,0,0
APP_1490,baseline,2,0,0,10,1,53730.48,0.1676,0,0
APP_1491,target,37,1,1,75,0,49873.1,0.2163,0,0
APP_1492,baseline,2,0,0,12,1,36261.5,0.3282,0,0
APP_1493,baseline,6,0,0,2,1,42468.73,0.2337,0,0
APP_1494,baseline,3,0,0,9,1,54704.78,0.17,0,0
APP_1495,baseline,4,1,0,6,1,46133.74,0.4875,0,0
APP_1496,target,38,1,1,59,0,63554.64,0.5425,0,0
APP_1497,baseline,4,0,0,7,1,48146.54,0.4673,0,0
APP_1498,target,38,1,1,60,0,46536.39,0.4915,1,1
APP_1499,target,42,0,1,76,0,42527.07,0.2468,0,1
APP_1500,target,37,1,0,75,0,46068.33,0.5343,0,0
APP_1501,target,25,1,1,73,1,43780.24,0.2288,0,1
APP_1502,baseline,4,0,0,5,1,50664.87,0.5306,0,0
APP_1503,target,36,1,0,63,1,52653.62,0.5479,0,0
APP_1504,target,34,1,0,73,1,38712.08,0.4347,0,0
APP_1505,baseline,4,0,0,4,0,34350.14,0.5425,0,0
APP_1506,target,40,0,1,83,0,30310.36,0.3778,0,0
APP_1507,target,39,1,0,67,0,49063.93,0.2538,0,0
APP_1508,target,39,1,1,80,0,36173.07,0.3248,0,0
APP_1509,target,35,1,1,53,0,27776.88,0.3874,0,0
APP_1510,target,37,1,1,74,0,48108.63,0.1792,0,1
APP_1511,baseline,2,0,0,6,1,64944.0,0.3989,0,0
APP_1512,target,29,0,1,68,0,44951.43,0.5425,0,0
APP_1513,target,42,1,1,70,1,51707.93,0.226,1,1
APP_1514,baseline,2,1,1,3,1,45654.63,0.467,0,0
APP_1515,baseline,1,1,0,5,1,44208.88,0.5132,0,0
APP_1516,baseline,4,0,0,6,1,52352.61,0.5275,0,0
APP_1517,target,41,0,0,60,0,42677.8,0.5341,0,0
APP_1518,target,31,1,1,67,1,47139.14,0.3586,0,0
APP_1519,baseline,4,0,0,8,1,47573.58,0.5409,0,1
APP_1520,target,45,1,1,58,0,39655.28,0.4529,0,0
APP_1521,baseline,2,0,0,3,1,52936.34,0.2147,1,1
APP_1522,target,36,1,1,75,0,43600.32,0.3408,0,0
APP_1523,target,33,1,1,82,1,38954.04,0.4373,0,0
APP_1524,target,32,1,1,61,0,49292.08,0.2489,1,1
APP_1525,baseline,1,0,0,8,0,37812.26,0.4062,0,0
APP_1526,baseline,4,0,0,11,1,45225.45,0.4166,0,0
APP_1527,baseline,3,0,0,14,1,44927.05,0.2151,0,0
APP_1528,baseline,3,0,0,8,1,53687.16,0.376,0,0
APP_1529,target,40,1,1,67,0,48797.59,0.4587,0,0
APP_1530,target,29,1,1,68,0,44799.78,0.3496,0,0
APP_1531,target,32,1,1,81,0,51542.13,0.1548,0,1
APP_1532,target,38,1,1,66,0,56121.66,0.1536,0,1
APP_1533,target,27,1,0,68,0,49462.48,0.2928,0,0
APP_1534,target,31,1,1,57,0,45082.82,0.5205,0,0
APP_1535,target,45,1,1,74,0,34505.31,0.2415,0,0
APP_1536,target,36,1,1,68,0,36479.09,0.4037,0,1
APP_1537,baseline,6,0,0,3,1,42558.2,0.2388,1,1
APP_1538,baseline,1,0,0,5,1,40123.9,0.2787,0,0
APP_1539,baseline,2,0,0,3,1,43504.23,0.4892,0,0
APP_1540,target,48,1,0,55,0,45453.2,0.4415,0,0
APP_1541,target,20,0,1,70,0,49237.54,0.1882,0,0
APP_1542,baseline,4,0,0,7,1,44436.01,0.3215,0,0
APP_1543,target,41,1,1,79,1,48892.01,0.1617,0,1
APP_1544,target,38,1,1,78,0,45515.8,0.3424,0,0
APP_1545,baseline,5,0,0,5,1,29196.27,0.415,0,1
APP_1546,baseline,7,0,0,8,1,37485.32,0.1974,0,0
APP_1547,target,36,1,1,71,1,43847.3,0.2656,0,0
APP_1548,target,34,1,1,70,0,35322.44,0.3091,0,1
APP_1549,target,38,1,1,70,0,49799.43,0.5178,0,0
APP_1550,target,55,1,1,62,0,57246.01,0.5473,0,1
APP_1551,target,32,1,1,74,0,54750.09,0.168,0,0
APP_1552,target,39,1,1,66,0,43292.46,0.4544,0,0
APP_1553,target,49,1,1,71,0,56925.81,0.2987,1,1
APP_1554,target,43,1,1,86,0,46189.34,0.307,0,0
APP_1555,baseline,2,0,0,11,1,42303.31,0.4517,0,0
APP_1556,baseline,2,0,0,4,1,40092.78,0.5174,1,1
APP_1557,baseline,4,0,0,8,1,42580.24,0.5304,0,0
APP_1558,target,42,1,1,64,0,41894.59,0.3808,0,1
APP_1559,target,50,1,1,65,0,46363.33,0.2928,0,0
APP_1560,target,30,1,1,87,0,46284.59,0.465,0,0
APP_1561,baseline,3,0,0,8,1,45024.37,0.2504,0,0
APP_1562,baseline,6,0,0,4,1,48495.51,0.3756,0,1
APP_1563,baseline,6,0,0,8,1,54525.17,0.2934,0,0
APP_1564,baseline,5,0,0,3,1,52596.43,0.4127,0,0
APP_1565,target,42,1,0,64,0,33120.82,0.2462,1,1
APP_1566,baseline,3,0,0,8,1,24568.63,0.2266,0,0
APP_1567,baseline,2,0,0,5,1,52474.56,0.5173,0,0
APP_1568,target,40,1,1,63,0,34064.97,0.1907,0,0
APP_1569,baseline,4,0,0,6,1,43201.88,0.3524,0,0
APP_1570,target,40,1,1,62,0,35639.1,0.2383,0,0
APP_1571,target,41,0,1,58,1,30584.16,0.1656,1,1
APP_1572,baseline,3,0,0,6,1,49331.7,0.1644,1,1
APP_1573,target,46,0,1,78,0,51073.24,0.2201,0,0
APP_1574,target,38,1,1,62,0,40387.92,0.4967,0,0
APP_1575,target,30,1,1,66,1,24271.66,0.263,0,0
APP_1576,baseline,4,0,0,8,1,40630.04,0.5302,1,1
APP_1577,target,33,1,0,55,0,48134.43,0.3826,0,0
APP_1578,baseline,1,0,0,7,1,33168.71,0.3246,0,0
APP_1579,baseline,7,0,0,9,1,46466.88,0.382,0,0
APP_1580,baseline,5,0,0,6,1,44877.52,0.3567,1,1
APP_1581,target,35,1,1,74,0,49634.33,0.4535,0,1
APP_1582,baseline,4,1,0,6,1,45956.64,0.263,1,0
APP_1583,baseline,3,1,0,7,1,37215.45,0.2912,0,0
APP_1584,target,44,1,1,74,0,54572.57,0.5076,1,1
APP_1585,baseline,4,0,0,7,1,43731.76,0.5286,0,0
APP_1586,baseline,2,0,0,1,1,44781.56,0.507,0,0
APP_1587,baseline,3,0,0,6,1,37533.86,0.3178,0,0
APP_1588,baseline,2,0,0,5,1,41453.74,0.4621,0,0
APP_1589,baseline,7,0,1,2,1,37921.58,0.3405,0,0
APP_1590,baseline,2,0,0,7,1,43616.43,0.349,0,0
APP_1591,target,36,1,1,64,0,58693.67,0.2319,0,0
APP_1592,baseline,3,0,0,3,1,34024.79,0.3865,0,0
APP_1593,baseline,3,0,0,8,1,32091.51,0.2245,0,0
APP_1594,target,37,1,1,71,0,56769.36,0.2826,1,1
APP_1595,baseline,3,0,0,4,1,43325.41,0.492,0,0
APP_1596,target,36,1,1,62,0,39647.42,0.2328,0,0
APP_1597,baseline,2,0,0,10,1,53319.24,0.1785,1,0
APP_1598,baseline,3,0,0,3,1,40155.08,0.1776,0,0
APP_1599,baseline,3,0,0,4,1,59608.08,0.5263,1,1
APP_1600,baseline,4,0,0,11,1,50423.41,0.3528,1,0
APP_1601,baseline,2,0,0,2,1,41096.71,0.3138,0,0
APP_1602,baseline,4,0,0,4,1,62258.47,0.4744,0,0
APP_1603,baseline,3,0,0,7,0,40154.28,0.4843,0,0
APP_1604,baseline,3,0,0,6,1,50936.76,0.2829,1,1
APP_1605,baseline,2,1,0,4,1,47394.34,0.4274,0,0
APP_1606,baseline,3,0,0,4,1,55413.93,0.4584,0,0
APP_1607,baseline,0,0,0,1,0,57492.09,0.4119,0,0
APP_1608,target,38,1,1,62,0,45256.03,0.2106,0,0
APP_1609,target,32,1,1,72,0,38972.66,0.5004,1,1
APP_1610,baseline,3,0,0,6,1,48679.78,0.3656,1,1
APP_1611,target,38,1,1,72,0,39578.28,0.263,0,0
APP_1612,target,35,1,1,90,0,61107.1,0.3201,0,1
APP_1613,baseline,6,0,0,3,1,46092.28,0.165,1,1
APP_1614,target,34,0,1,70,0,42077.43,0.2011,0,1
APP_1615,target,34,1,1,83,0,46477.44,0.4562,0,1
APP_1616,baseline,2,0,0,7,1,34222.99,0.15,0,1
APP_1617,baseline,3,0,0,8,1,37227.09,0.3166,0,0
APP_1618,target,37,1,0,61,0,54603.31,0.359,0,0
APP_1619,target,42,1,1,56,0,39744.85,0.1719,0,0
APP_1620,baseline,3,0,0,3,1,36624.71,0.5392,0,0
APP_1621,baseline,1,0,0,4,1,49293.22,0.2405,0,0
APP_1622,baseline,2,0,0,8,0,54485.63,0.2717,1,1
APP_1623,baseline,2,0,0,4,1,50751.63,0.2716,0,0
APP_1624,target,46,1,0,68,0,52968.38,0.2422,0,0
APP_1625,baseline,0,0,0,3,1,38945.64,0.1506,0,0
APP_1626,baseline,3,0,0,3,1,33625.51,0.4417,0,0
APP_1627,target,43,1,1,68,1,57010.67,0.5367,0,1
APP_1628,baseline,4,0,0,6,1,42418.56,0.2397,0,0
APP_1629,baseline,5,0,0,3,1,42993.34,0.4152,0,0
APP_1630,target,38,1,1,52,0,55625.55,0.4468,0,0
APP_1631,target,39,1,1,62,0,49449.84,0.4894,0,0
APP_1632,target,40,1,1,72,0,48647.1,0.3191,1,1
APP_1633,target,29,1,1,64,0,62320.02,0.2712,0,1
APP_1634,baseline,2,1,0,5,1,39851.85,0.2801,0,0
APP_1635,baseline,3,0,0,8,1,52422.72,0.435,0,0
APP_1636,target,38,1,1,56,0,45456.1,0.4767,1,1
APP_1637,baseline,2,0,0,10,1,47148.74,0.2226,0,0
APP_1638,baseline,2,0,0,7,1,57227.75,0.2984,0,0
APP_1639,baseline,2,1,0,8,1,49062.69,0.5108,0,0
APP_1640,baseline,3,0,0,3,0,49306.37,0.4727,0,0
APP_1641,baseline,1,0,0,5,1,53580.06,0.5439,1,0
APP_1642,baseline,3,0,0,1,1,42080.38,0.4517,0,0
APP_1643,baseline,8,0,0,4,1,38286.32,0.3073,0,0
APP_1644,baseline,7,1,0,5,1,36641.53,0.3863,0,0
APP_1645,target,34,1,1,69,0,29269.15,0.4144,0,1
APP_1646,target,41,1,1,62,1,61449.66,0.1814,0,0
APP_1647,target,41,1,1,74,0,36174.33,0.3678,0,0
APP_1648,target,47,1,1,68,0,43229.97,0.4337,0,0
APP_1649,baseline,4,0,0,6,1,42785.49,0.2169,0,0
APP_1650,baseline,1,0,0,3,1,47459.25,0.4623,0,0
APP_1651,target,38,0,1,54,0,51525.9,0.3835,0,0
APP_1652,target,40,0,1,80,0,51883.79,0.5309,1,1
APP_1653,target,51,1,1,75,0,40335.38,0.167,0,0
APP_1654,baseline,3,0,0,4,1,43663.03,0.2561,0,0
APP_1655,baseline,1,0,0,4,0,47260.64,0.3906,0,0
APP_1656,baseline,3,0,0,2,1,43010.47,0.2686,0,0
APP_1657,baseline,3,0,0,9,1,57858.76,0.4358,0,0
APP_1658,target,23,1,1,66,1,48927.8,0.4536,0,0
APP_1659,target,47,1,1,87,0,50879.02,0.191,1,1
APP_1660,baseline,4,1,0,7,1,50303.05,0.3555,0,0
APP_1661,target,50,1,1,72,0,54387.79,0.3536,0,0
APP_1662,target,29,1,0,71,0,46448.17,0.2977,0,0
APP_1663,baseline,0,0,0,5,1,34625.34,0.5232,0,0
APP_1664,baseline,0,1,0,4,1,48197.5,0.481,0,0
APP_1665,baseline,1,0,0,6,1,39789.14,0.4289,1,1
APP_1666,baseline,2,0,0,8,1,40771.07,0.4357,0,0
APP_1667,baseline,3,0,0,5,1,49690.91,0.3347,0,0
APP_1668,baseline,1,1,1,2,1,54906.26,0.5184,0,0
APP_1669,baseline,1,0,0,6,1,45170.17,0.4278,0,0
APP_1670,baseline,1,0,0,5,1,47470.66,0.4416,0,0
APP_1671,target,39,0,1,70,0,58617.72,0.4947,0,0
APP_1672,baseline,3,0,0,3,1,46926.03,0.2596,0,0
APP_1673,target,39,1,1,69,0,65813.46,0.4728,0,0
APP_1674,baseline,2,0,0,7,1,49524.08,0.2281,0,0
APP_1675,target,43,1,1,80,0,30913.9,0.2881,0,0
APP_1676,baseline,1,0,0,6,1,51026.73,0.2842,0,0
APP_1677,baseline,2,0,0,10,1,48049.27,0.5414,0,0
APP_1678,target,45,1,0,71,0,55318.02,0.4926,0,0
APP_1679,target,40,1,0,77,0,50385.45,0.4305,0,0
APP_1680,target,49,1,1,58,0,43892.35,0.4408,0,1
APP_1681,baseline,6,0,0,6,1,35205.61,0.3748,0,0
APP_1682,baseline,3,0,0,5,1,43327.81,0.5288,0,0
APP_1683,target,32,0,1,57,0,38195.84,0.3485,0,0
APP_1684,target,47,1,1,63,1,40355.81,0.3022,1,1
APP_1685,target,42,1,1,64,0,49708.63,0.2152,0,0
APP_1686,target,40,1,1,67,0,58359.24,0.4645,1,1
APP_1687,baseline,2,0,0,8,1,48157.37,0.4438,0,0
APP_1688,target,39,1,1,75,0,35432.94,0.3037,0,0
APP_1689,baseline,2,0,0,8,1,48556.82,0.1601,0,0
APP_1690,baseline,2,0,1,8,1,54573.05,0.4856,0,0
APP_1691,baseline,3,0,0,6,1,40121.74,0.1546,0,0
APP_1692,target,41,1,1,58,0,43927.86,0.4315,0,0
APP_1693,baseline,4,0,0,5,1,45117.51,0.5381,1,1
APP_1694,baseline,5,0,1,8,1,38720.81,0.3251,0,0
APP_1695,target,52,1,1,65,0,50186.24,0.244,0,0
APP_1696,baseline,6,0,0,6,1,44032.41,0.4319,0,0
APP_1697,target,44,1,1,71,0,48356.26,0.4769,0,1
APP_1698,baseline,2,0,0,3,1,37900.06,0.3686,0,0
APP_1699,baseline,6,0,0,4,1,41500.33,0.5368,0,0
APP_1700,target,29,1,1,80,0,50779.05,0.1707,0,0
APP_1701,baseline,2,1,0,5,1,42017.33,0.3519,0,0
APP_1702,baseline,3,0,0,7,1,58815.71,0.4374,0,0
APP_1703,baseline,2,0,0,9,1,41802.91,0.4951,0,0
APP_1704,baseline,3,0,0,6,1,46797.48,0.2217,1,1
APP_1705,target,37,1,0,58,1,52460.73,0.47,1,1
APP_1706,baseline,4,0,0,6,1,33653.07,0.3711,0,0
APP_1707,target,36,1,1,66,0,30913.53,0.3086,0,1
APP_1708,baseline,6,0,0,3,1,32794.75,0.2027,0,0
APP_1709,target,36,1,0,70,1,55100.67,0.4961,0,1
APP_1710,target,47,1,1,76,0,40585.13,0.2129,0,0
APP_1711,target,28,1,1,63,0,65465.59,0.2739,0,1
APP_1712,baseline,0,0,0,8,1,40486.02,0.266,0,0
APP_1713,baseline,1,0,0,6,1,46476.41,0.4986,0,0
APP_1714,baseline,3,0,1,5,1,57336.88,0.4191,0,0
APP_1715,target,44,1,1,83,0,61048.74,0.4687,0,0
APP_1716,target,40,1,0,59,1,61492.03,0.2502,0,0
APP_1717,target,47,0,1,74,0,54666.93,0.3999,0,0
APP_1718,baseline,2,1,0,10,0,53192.5,0.3787,0,0
APP_1719,target,31,1,1,48,0,49740.22,0.4831,0,1
APP_1720,target,32,1,1,73,0,51226.89,0.5124,0,1
APP_1721,baseline,3,0,0,8,1,40590.51,0.1549,0,0
APP_1722,baseline,4,0,0,9,1,38454.41,0.4196,0,0
APP_1723,target,37,1,1,76,0,44973.0,0.1707,0,0
APP_1724,target,33,1,1,77,0,43638.52,0.3695,1,1
APP_1725,target,40,1,0,71,0,41374.18,0.2651,0,0
APP_1726,baseline,3,1,0,12,1,50571.1,0.2727,0,0
APP_1727,target,40,1,1,73,0,52642.44,0.2912,0,1
APP_1728,baseline,1,0,0,5,1,45707.26,0.3985,0,0
APP_1729,baseline,4,0,0,4,1,56820.24,0.2836,0,0
APP_1730,baseline,6,0,1,8,1,35866.49,0.4431,0,0
APP_1731,target,29,1,1,74,0,43450.72,0.3118,0,0
APP_1732,target,31,1,1,64,0,39265.42,0.1773,1,1
APP_1733,target,38,1,1,66,0,30067.71,0.4635,1,1
APP_1734,baseline,5,0,0,3,1,44338.55,0.2643,0,0
APP_1735,target,31,0,0,64,0,44026.02,0.3231,0,1
APP_1736,baseline,1,0,0,10,1,57107.6,0.4242,0,0
APP_1737,target,37,0,1,76,0,50046.49,0.283,0,0
APP_1738,baseline,2,0,1,3,1,36806.51,0.1726,0,0
APP_1739,baseline,3,1,1,6,1,59832.74,0.2996,0,0
APP_1740,baseline,3,0,0,5,1,54768.27,0.5278,0,0
APP_1741,baseline,5,0,0,3,0,49656.78,0.4067,0,0
APP_1742,target,32,1,1,74,0,43188.13,0.4186,0,0
APP_1743,target,41,1,0,71,0,37324.49,0.4029,0,0
APP_1744,baseline,2,0,0,6,1,42022.35,0.2296,0,0
APP_1745,target,32,1,1,66,0,53709.99,0.3173,0,0
APP_1746,baseline,2,0,0,7,1,60076.69,0.4504,0,0
APP_1747,target,32,0,0,67,0,57345.95,0.1905,0,0
APP_1748,target,40,1,1,78,0,41089.2,0.2611,0,0
APP_1749,target,47,1,0,66,0,36043.06,0.2605,1,1
APP_1750,baseline,8,0,0,7,1,46127.09,0.3228,0,0
APP_1751,target,39,1,1,71,0,30852.49,0.5421,0,0
APP_1752,target,46,1,0,76,0,47585.34,0.177,0,1
APP_1753,baseline,3,0,0,8,1,43819.18,0.3575,1,0
APP_1754,baseline,6,0,0,1,1,41271.71,0.2217,1,1
APP_1755,target,34,0,1,71,0,32242.38,0.5383,0,0
APP_1756,target,37,1,1,69,0,49108.8,0.1953,0,0
APP_1757,target,40,1,1,71,1,40738.39,0.3114,0,0
APP_1758,target,48,1,0,67,0,35640.67,0.4452,0,0
APP_1759,target,38,1,1,75,0,22021.9,0.4318,0,0
APP_1760,baseline,4,0,0,4,1,44779.88,0.3191,0,0
APP_1761,baseline,3,0,0,3,1,59178.01,0.2886,0,0
APP_1762,baseline,4,1,0,5,1,58290.07,0.309,0,0
APP_1763,target,43,1,1,64,0,41343.23,0.2557,0,1
APP_1764,baseline,3,0,0,5,1,40182.3,0.2321,0,0
APP_1765,target,22,1,1,72,0,48750.19,0.3432,0,1
APP_1766,target,32,1,1,65,0,37012.92,0.2574,0,0
APP_1767,target,40,1,1,73,0,47414.34,0.265,0,1
APP_1768,baseline,3,0,0,5,1,51128.64,0.4127,0,0
APP_1769,target,46,1,1,67,0,54815.47,0.5374,0,1
APP_1770,baseline,2,0,0,5,1,44198.77,0.3915,0,0
APP_1771,target,28,1,1,66,0,43370.61,0.1808,0,0
APP_1772,baseline,5,0,0,1,1,37976.14,0.1802,1,1
APP_1773,baseline,5,0,0,5,1,38384.96,0.5306,0,0
APP_1774,target,36,1,1,87,0,43188.17,0.2689,0,1
APP_1775,baseline,5,0,0,3,1,47938.92,0.1868,0,0
APP_1776,baseline,4,0,0,3,1,52308.68,0.3896,1,1
APP_1777,target,39,1,1,69,0,38574.57,0.3995,1,1
APP_1778,target,39,1,0,69,0,56941.51,0.4094,0,0
APP_1779,target,36,0,1,73,0,42831.01,0.257,0,0
APP_1780,target,41,1,1,69,0,44829.06,0.156,0,1
APP_1781,target,41,0,1,65,0,39022.31,0.536,0,0
APP_1782,baseline,2,0,0,4,1,25606.08,0.2504,0,1
APP_1783,baseline,5,0,0,12,1,52072.36,0.4204,0,0
APP_1784,baseline,4,0,0,4,1,50894.75,0.4327,0,0
APP_1785,target,38,1,1,68,1,42749.38,0.394,0,1
APP_1786,target,40,1,1,77,0,45535.93,0.2752,0,1
APP_1787,baseline,3,1,0,4,1,49127.51,0.2584,0,1
APP_1788,baseline,4,0,0,9,1,32499.63,0.3891,0,0
APP_1789,target,52,1,1,65,0,40767.58,0.4964,1,1
APP_1790,baseline,1,0,0,7,1,51354.12,0.5287,0,0
APP_1791,target,36,1,1,63,0,34965.68,0.1924,0,0
APP_1792,target,44,1,1,66,0,47348.46,0.2119,0,0
APP_1793,target,41,1,1,57,0,34147.35,0.5279,0,0
APP_1794,baseline,3,0,0,3,1,48731.44,0.4446,0,0
APP_1795,target,27,1,1,72,0,44714.87,0.5032,0,0
APP_1796,target,36,1,1,62,0,32078.95,0.2311,1,1
APP_1797,target,44,1,1,65,0,54317.91,0.385,1,1
APP_1798,target,38,1,1,58,0,39123.27,0.4305,0,1
APP_1799,target,43,1,1,77,0,38517.98,0.422,0,0
APP_1800,target,42,1,1,66,1,46604.55,0.3133,1,1
APP_1801,baseline,2,0,0,3,1,54189.1,0.1562,0,0
APP_1802,target,45,1,1,58,0,36873.43,0.3832,0,0
APP_1803,target,41,1,1,70,1,45493.44,0.2512,0,0
APP_1804,baseline,2,0,0,8,1,48430.53,0.3301,0,0
APP_1805,target,31,1,1,69,0,50544.84,0.533,0,0
APP_1806,target,41,1,1,59,0,46411.53,0.3096,0,0
APP_1807,target,37,1,1,78,0,42063.78,0.4859,0,0
APP_1808,baseline,2,1,0,4,1,38379.28,0.2254,0,0
APP_1809,baseline,3,0,0,5,1,45689.15,0.419,0,0
APP_1810,target,37,1,1,51,1,36422.89,0.5408,0,0
APP_1811,target,45,1,0,74,0,21629.2,0.1908,0,1
APP_1812,baseline,2,0,0,6,1,48492.48,0.1533,1,1
APP_1813,target,39,1,1,68,0,52231.48,0.3234,0,0
APP_1814,target,44,1,1,76,0,26096.54,0.1871,0,1
APP_1815,target,41,1,1,63,0,36922.15,0.4494,0,0
APP_1816,target,33,1,1,70,0,49953.23,0.5158,0,0
APP_1817,baseline,2,0,0,3,1,61459.96,0.3236,1,1
APP_1818,baseline,0,0,0,8,1,45166.35,0.2535,1,1
APP_1819,baseline,2,0,0,6,1,39175.98,0.3238,0,0
APP_1820,target,43,1,1,65,0,43536.83,0.4394,0,0
APP_1821,baseline,2,0,1,4,0,55999.01,0.1536,0,0
APP_1822,baseline,1,0,0,11,1,39832.29,0.3858,0,0
APP_1823,baseline,4,0,0,8,1,38606.46,0.3953,0,0
APP_1824,target,36,1,1,66,0,41138.05,0.4051,0,0
APP_1825,target,38,1,1,63,0,37373.37,0.2468,0,0
APP_1826,baseline,3,0,0,4,1,45981.36,0.4356,0,0
APP_1827,baseline,4,0,0,8,1,57997.43,0.1866,1,1
APP_1828,target,39,1,1,61,0,47584.63,0.2297,0,1
APP_1829,baseline,6,0,0,1,1,42981.17,0.501,0,0
APP_1830,baseline,4,0,0,7,1,42665.51,0.4455,0,1
APP_1831,baseline,4,0,0,3,1,32494.47,0.1555,0,0
APP_1832,baseline,4,0,0,8,1,52064.88,0.2494,0,0
APP_1833,baseline,3,0,0,4,1,44377.3,0.2358,0,0
APP_1834,baseline,2,0,0,5,0,43556.16,0.2583,0,0
APP_1835,baseline,5,0,0,7,1,70544.86,0.249,0,0
APP_1836,target,34,1,1,74,0,47390.02,0.175,0,0
APP_1837,baseline,2,0,0,5,1,38985.67,0.3336,0,0
APP_1838,target,35,1,1,65,0,41589.14,0.4431,0,0
APP_1839,target,31,1,1,69,0,54187.57,0.3927,0,1
APP_1840,baseline,3,0,0,6,1,45906.16,0.4191,0,0
APP_1841,target,38,1,1,85,0,33493.78,0.1825,0,0
APP_1842,baseline,3,0,0,8,1,52353.83,0.5306,0,0
APP_1843,target,44,1,1,99,0,39654.85,0.4854,0,1
APP_1844,baseline,5,0,0,2,1,59986.38,0.472,0,0
APP_1845,baseline,1,0,0,8,1,53640.38,0.4792,1,1
APP_1846,baseline,6,0,0,8,1,41421.42,0.5231,0,0
APP_1847,target,38,1,1,83,0,55248.13,0.3677,1,1
APP_1848,target,37,1,1,69,0,45542.84,0.2301,0,0
APP_1849,target,42,1,1,69,0,51822.19,0.3967,0,1
APP_1850,baseline,2,0,0,9,1,48877.86,0.4472,0,0
APP_1851,target,35,1,1,63,0,38229.15,0.4452,1,1
APP_1852,baseline,2,1,0,5,1,39851.6,0.3586,0,0
APP_1853,target,39,1,1,54,0,53239.69,0.1774,0,1
APP_1854,baseline,1,0,0,6,1,42321.8,0.2984,0,0
APP_1855,baseline,3,0,0,6,1,41770.81,0.5183,0,0
APP_1856,baseline,3,0,0,5,1,37359.02,0.3838,0,0
APP_1857,baseline,5,1,0,3,1,48388.79,0.3653,0,0
APP_1858,target,33,1,1,57,0,61500.2,0.2575,0,0
APP_1859,baseline,4,0,0,6,1,36459.74,0.2974,0,0
APP_1860,target,40,1,1,65,0,45193.76,0.5081,0,1
APP_1861,baseline,5,0,0,2,1,56297.76,0.4166,0,0
APP_1862,target,43,1,0,66,0,44362.87,0.465,0,1
APP_1863,baseline,5,0,0,6,1,48618.97,0.3317,0,0
APP_1864,baseline,5,0,0,8,0,36500.85,0.4021,0,0
APP_1865,target,45,1,1,61,0,48426.46,0.2494,0,0
APP_1866,baseline,2,0,0,3,1,43502.85,0.4322,0,0
APP_1867,baseline,5,0,0,7,1,52885.84,0.321,0,0
APP_1868,target,46,1,1,65,0,54499.09,0.327,0,1
APP_1869,target,50,1,1,65,0,65716.51,0.4097,1,1
APP_1870,baseline,4,0,0,7,1,49637.07,0.5245,0,0
APP_1871,baseline,4,0,0,6,1,47606.37,0.1756,0,0
APP_1872,target,48,1,1,65,0,46555.07,0.4799,0,1
APP_1873,baseline,3,0,0,6,1,42174.67,0.267,0,0
APP_1874,baseline,2,0,0,4,1,47707.87,0.3276,0,0
APP_1875,baseline,2,0,0,7,1,42636.79,0.1588,0,0
APP_1876,target,39,1,0,70,0,46347.69,0.2704,0,0
APP_1877,target,34,1,1,67,0,55540.78,0.3511,1,1
APP_1878,baseline,1,0,0,5,1,36947.66,0.1725,0,0
APP_1879,baseline,5,0,0,3,0,54119.03,0.3464,0,0
APP_1880,baseline,2,1,1,6,0,55536.92,0.5208,0,0
APP_1881,target,37,1,1,65,0,44055.45,0.1922,0,1
APP_1882,baseline,0,0,0,8,1,28025.16,0.4558,0,0
APP_1883,baseline,2,0,0,5,1,40137.42,0.3139,0,0
APP_1884,target,33,1,1,73,0,55375.96,0.4121,0,0
APP_1885,baseline,3,1,0,9,1,44817.06,0.2541,0,0
APP_1886,target,25,1,1,70,1,37005.58,0.2138,0,1
APP_1887,baseline,2,1,0,13,1,40961.8,0.2142,0,0
APP_1888,baseline,1,0,0,8,0,51724.96,0.1782,1,1
APP_1889,baseline,5,0,0,5,1,49373.87,0.2243,0,0
APP_1890,target,34,1,1,74,0,43088.54,0.4157,1,1
APP_1891,target,45,1,0,60,0,42065.4,0.5027,0,0
APP_1892,target,33,1,1,83,0,41865.93,0.4757,0,0
APP_1893,baseline,2,0,0,4,1,37620.72,0.4241,0,0
APP_1894,target,38,1,1,67,0,57923.01,0.1942,0,0
APP_1895,baseline,3,0,0,7,1,42421.44,0.2657,0,0
APP_1896,baseline,2,0,0,6,1,54737.27,0.2739,0,0
APP_1897,target,36,1,1,69,0,57170.53,0.25,0,0
APP_1898,baseline,2,0,0,9,1,52986.49,0.356,0,0
APP_1899,baseline,4,1,0,6,1,41547.04,0.3642,0,0
APP_1900,baseline,2,0,0,6,1,48229.84,0.2928,0,0
APP_1901,baseline,2,0,0,10,1,44806.44,0.2915,0,0
APP_1902,baseline,2,1,0,2,1,37770.39,0.4814,1,1
APP_1903,target,36,1,1,69,0,47594.87,0.4657,1,1
APP_1904,baseline,4,0,0,6,1,35567.68,0.2731,0,0
APP_1905,target,30,1,0,77,0,54501.44,0.5155,0,0
APP_1906,target,41,1,0,74,1,41283.06,0.5311,0,0
APP_1907,baseline,3,0,0,5,1,46609.28,0.2807,1,1
APP_1908,baseline,2,0,0,8,1,47266.3,0.2918,0,0
APP_1909,baseline,0,0,0,6,1,42928.76,0.3523,0,0
APP_1910,target,36,1,1,75,0,49693.55,0.5264,0,0
APP_1911,baseline,1,0,0,6,1,41200.77,0.5005,0,0
APP_1912,target,36,1,1,73,0,51970.38,0.191,0,1
APP_1913,baseline,3,0,0,2,1,34232.16,0.3071,0,0
APP_1914,target,43,1,1,60,0,46011.04,0.3713,0,0
APP_1915,baseline,5,0,0,7,1,60511.43,0.3513,1,1
APP_1916,baseline,4,0,0,6,1,36997.35,0.2275,0,0
APP_1917,target,43,1,1,65,0,39578.04,0.4935,0,0
APP_1918,target,39,1,1,73,1,49111.26,0.4208,0,0
APP_1919,baseline,5,0,0,5,1,46436.65,0.4852,0,0
APP_1920,target,41,1,1,70,0,47805.04,0.4935,0,1
APP_1921,baseline,1,0,0,6,1,48913.5,0.4493,0,0
APP_1922,target,27,1,1,83,0,50077.77,0.3257,0,0
APP_1923,target,35,1,1,87,0,53877.6,0.3942,0,0
APP_1924,baseline,3,0,0,5,1,48278.55,0.2141,0,0
APP_1925,baseline,4,0,0,6,1,43069.94,0.4195,1,1
APP_1926,baseline,3,0,0,4,1,50380.59,0.2217,0,0
APP_1927,target,37,1,1,59,0,60199.06,0.4276,0,0
APP_1928,target,38,1,1,64,0,43938.93,0.2418,0,0
APP_1929,baseline,3,1,0,4,1,37203.77,0.197,0,0
APP_1930,baseline,3,0,0,7,1,53856.65,0.2161,0,0
APP_1931,target,41,1,1,66,0,44036.95,0.1508,0,0
APP_1932,target,27,1,0,57,0,27618.64,0.4375,0,0
APP_1933,target,33,1,1,75,0,51779.37,0.443,0,0
APP_1934,baseline,2,0,0,6,1,40717.37,0.356,1,1
APP_1935,baseline,1,1,0,2,1,44275.73,0.2145,0,0
APP_1936,baseline,7,0,0,4,1,47655.84,0.1834,1,1
APP_1937,target,30,1,1,58,0,46524.0,0.1577,0,0
APP_1938,baseline,0,1,0,8,1,50675.61,0.2163,1,0
APP_1939,target,38,1,0,71,0,41516.11,0.5063,0,1
APP_1940,baseline,2,0,1,4,1,49104.85,0.2466,1,1
APP_1941,target,47,1,1,71,0,42923.63,0.2917,0,0
APP_1942,target,36,1,1,79,0,50910.48,0.1921,0,0
APP_1943,target,41,1,1,70,0,49922.94,0.2389,0,0
APP_1944,baseline,4,0,0,6,1,37516.49,0.3577,0,0
APP_1945,baseline,5,0,0,3,1,53687.86,0.3931,0,0
APP_1946,baseline,3,0,0,5,1,40712.29,0.2481,0,0
APP_1947,target,38,1,1,70,0,51464.46,0.1731,0,0
APP_1948,target,42,0,1,65,1,47938.3,0.3064,0,0
APP_1949,target,33,1,1,48,0,59705.47,0.2437,0,0
APP_1950,target,37,1,1,76,0,43212.27,0.2378,0,1
APP_1951,target,41,1,1,74,0,42205.47,0.5339,0,1
APP_1952,baseline,2,0,0,9,1,44844.64,0.3965,0,0
APP_1953,target,37,1,1,67,0,42574.56,0.3728,0,0
APP_1954,baseline,6,0,0,5,1,51399.54,0.3163,0,0
APP_1955,baseline,3,0,0,10,1,32069.52,0.3216,0,0
APP_1956,target,44,1,1,67,0,36570.54,0.3664,0,0
APP_1957,baseline,3,0,0,6,1,36457.58,0.4286,0,0
APP_1958,baseline,1,0,1,6,1,52602.46,0.4309,0,0
APP_1959,target,30,1,1,74,0,58684.91,0.2187,0,0
APP_1960,baseline,1,0,0,7,1,44164.41,0.35,0,0
APP_1961,target,35,1,1,64,0,43649.43,0.3148,0,1
APP_1962,baseline,1,0,0,9,0,45560.42,0.4982,0,0
APP_1963,baseline,1,0,0,6,0,54295.03,0.4026,0,0
APP_1964,baseline,1,0,1,7,1,37581.17,0.363,0,0
APP_1965,baseline,2,0,0,7,1,46906.95,0.1962,0,0
APP_1966,target,29,1,1,61,0,52801.58,0.3923,0,0
APP_1967,baseline,6,0,0,6,1,49008.75,0.1969,0,0
APP_1968,target,31,1,1,61,0,46516.65,0.2849,0,0
APP_1969,baseline,1,0,0,8,1,53008.37,0.2071,0,0
APP_1970,target,41,1,1,61,0,23374.14,0.4268,0,0
APP_1971,target,49,1,1,78,0,50423.0,0.2325,0,1
APP_1972,target,41,1,1,81,0,39767.39,0.3067,1,1
APP_1973,baseline,4,0,0,7,1,30354.94,0.5083,0,0
APP_1974,baseline,5,0,0,3,1,49089.62,0.2317,1,1
APP_1975,baseline,3,0,0,8,1,55989.27,0.3531,0,0
APP_1976,target,32,1,1,66,0,43900.41,0.3177,0,0
APP_1977,baseline,3,0,0,2,0,52623.0,0.1572,0,1
APP_1978,baseline,2,0,0,3,1,57898.23,0.4671,1,1
APP_1979,target,34,1,1,63,0,55519.32,0.1776,0,1
APP_1980,baseline,4,0,0,9,1,58119.72,0.3397,0,0
APP_1981,target,42,0,1,68,0,50937.02,0.3743,0,0
APP_1982,baseline,4,0,0,5,1,45603.47,0.4014,0,0
APP_1983,baseline,1,0,0,4,0,32184.27,0.4255,0,0
APP_1984,target,34,1,1,88,0,43031.5,0.2513,0,1
APP_1985,baseline,4,0,0,6,1,38254.03,0.154,0,0
APP_1986,target,36,1,1,75,0,62367.54,0.4394,0,1
APP_1987,baseline,2,1,0,7,1,43592.91,0.3643,0,0
APP_1988,baseline,2,1,0,5,1,45985.64,0.4844,0,0
APP_1989,target,35,1,1,77,0,49411.88,0.4786,0,0
APP_1990,target,38,1,1,58,0,45348.82,0.4873,0,0
APP_1991,target,38,1,0,70,0,58560.41,0.344,0,0
APP_1992,baseline,4,0,0,12,0,40018.81,0.2835,0,0
APP_1993,target,47,1,1,67,0,46556.86,0.4666,1,1
APP_1994,baseline,2,1,0,6,1,39060.24,0.3305,0,0
APP_1995,baseline,2,0,0,5,1,34439.82,0.2234,0,0
APP_1996,target,32,1,1,60,0,40105.85,0.492,0,1
APP_1997,baseline,5,0,0,11,1,44703.71,0.503,0,0
APP_1998,target,40,1,1,64,0,41565.58,0.3365,0,0
APP_1999,baseline,3,0,0,5,1,39460.63,0.1803,1,1
